ncm,segment
96200000,MATERIAIS DE CONSTRUCAO
96190000,PERFUM HIGIENE E COSM - ST INTERNA
96162000,PERFUM HIGIENE E COSM
96138000,AUTOPECAS
96091000,MATERIAIS DE CONSTRUCAO
96083000,PRODUTOS DE PAPELARIA
96082000,PRODUTOS DE PAPELARIA
96081000,MATERIAIS DE CONSTRUCAO
96050000,PERFUM HIGIENE E COSM
96039000,MATERIAIS DE CONSTRUCAO
96033000,PERFUM HIGIENE E COSM
96032100,PERFUM HIGIENE E COSM - ST INTERNA
95059000,MATERIAIS DE CONSTRUCAO
95051000,MATERIAIS DE CONSTRUCAO
95045000,ELETRO - ST INTERNA
95030099,MATERIAIS DE CONSTRUCAO
94051099,MATERIAIS DE CONSTRUCAO
94039090,MATERIAIS DE CONSTRUCAO
94037000,MATERIAIS DE CONSTRUCAO
94019090,AUTOPECAS
94012000,AUTOPECAS
91040000,AUTOPECAS
90328911,AUTOPECAS
90322000,AUTOPECAS
90321090,AUTOPECAS
90321010,AUTOPECAS - FIDELIDADE
90318099,MATERIAIS DE CONSTRUCAO
90318040,AUTOPECAS
90303321,AUTOPECAS
90271000,AUTOPECAS
90259090,FERRAMENTAS
90259010,AUTOPECAS
90251990,AUTOPECAS - FIDELIDADE
90251190,AUTOPECAS
90251110,PERFUM HIGIENE E COSM
90191000,ELETRO - ST INTERNA
90189099,MEDIC E OUTROS PROD FARM - NEU
90189050,ELETRO - ST INTERNA
90179090,FERRAMENTAS
90172000,FERRAMENTAS
90141000,AUTOPECAS
90064000,ELETRO - ST INTERNA
87169090,AUTOPECAS
87089990,MATERIAIS DE CONSTRUCAO
87089200,MATERIAIS DE CONSTRUCAO
87082999,AUTOPECAS - FIDELIDADE
87043190,VEIC AUTO NOVO 4 RODAS
87043130,VEIC AUTO NOVO 4 RODAS
87043120,VEIC AUTO NOVO 4 RODAS
87043110,VEIC AUTO NOVO 4 RODAS
87042190,VEIC AUTO NOVO 4 RODAS
87042130,VEIC AUTO NOVO 4 RODAS
87042120,VEIC AUTO NOVO 4 RODAS
87042110,VEIC AUTO NOVO 4 RODAS
87038000,VEIC AUTO NOVO 4 RODAS
87037000,VEIC AUTO NOVO 4 RODAS
87036000,VEIC AUTO NOVO 4 RODAS
87035000,VEIC AUTO NOVO 4 RODAS
87034000,VEIC AUTO NOVO 4 RODAS
87033390,VEIC AUTO NOVO 4 RODAS
87033310,VEIC AUTO NOVO 4 RODAS
87033290,VEIC AUTO NOVO 4 RODAS
87033210,VEIC AUTO NOVO 4 RODAS
87032490,VEIC AUTO NOVO 4 RODAS
87032410,VEIC AUTO NOVO 4 RODAS
87032390,VEIC AUTO NOVO 4 RODAS
87032310,VEIC AUTO NOVO 4 RODAS
87032290,VEIC AUTO NOVO 4 RODAS
87032210,VEIC AUTO NOVO 4 RODAS
87032100,VEIC AUTO NOVO 4 RODAS
87029090,VEIC AUTO NOVO 4 RODAS
87029000,VEIC AUTO NOVO 4 RODAS
87023000,VEIC AUTO NOVO 4 RODAS
87022000,VEIC AUTO NOVO 4 RODAS
87021000,VEIC AUTO NOVO 4 RODAS
85443000,AUTOPECAS
85442000,AUTOPECAS
85437092,ELETRO - ST INTERNA
85423190,ELETRO - ST INTERNA
85423120,ELETRO - ST INTERNA
85423110,ELETRO - ST INTERNA
85414022,ELETRO - ST INTERNA
85414021,ELETRO - ST INTERNA
85414011,ELETRO - ST INTERNA
85395000,LAMPADA REATOR E STARTER
85362000,AUTOPECAS
85361000,AUTOPECAS
85318000,ELETRO - ST INTERNA
85311090,AUTOPECAS - FIDELIDADE
85291090,AUTOPECAS
85272900,AUTOPECAS
85272100,AUTOPECAS - FIDELIDADE
85256010,AUTOPECAS
85235990,ELETRO - ST INTERNA
85235910,ELETRO - ST INTERNA
85235200,ELETRO - ST INTERNA
85235190,ELETRO - ST INTERNA
85235110,ELETRO - ST INTERNA
85219090,AUTOPECAS - FIDELIDADE
85198190,ELETRO - ST INTERNA
85198110,ELETRO
85185000,AUTOPECAS - FIDELIDADE
85177021,ELETRO - ST INTERNA
85176262,ELETRO - ST INTERNA
85176239,ELETRO - ST INTERNA
85176222,ELETRO - ST INTERNA
85171899,ELETRO - ST INTERNA
85171891,ELETRO - ST INTERNA
85171231,ELETRO - ST INTERNA
85171213,AUTOPECAS
85171100,ELETRO - ST INTERNA
85169000,ELETRO - ST INTERNA
85167200,ELETRO
85167100,ELETRO
85166000,ELETRO
85165000,ELETRO
85164000,ELETRO
85163200,ELETRO
85163100,ELETRO
85161000,ELETRO - ST INTERNA
85129000,AUTOPECAS
85123000,AUTOPECAS
85098010,ELETRO
85078000,ELETRO - ST INTERNA
85071010,AUTOPECAS
85052010,MATERIAIS DE CONSTRUCAO
85045000,AUTOPECAS
85044040,ELETRO - ST INTERNA
85044010,ELETRO - ST INTERNA
85041000,LAMPADA REATOR E STARTER
85016100,AUTOPECAS
85013110,AUTOPECAS
85011019,AUTOPECAS - FIDELIDADE
84818094,MATERIAIS DE CONSTRUCAO
84818092,AUTOPECAS
84813000,MATERIAIS DE CONSTRUCAO
84811000,AUTOPECAS
84799090,AUTOPECAS
84798999,ELETRO - ST INTERNA
84798290,ELETRO - ST INTERNA
84796000,AUTOPECAS
84716090,ELETRO
84715010,ELETRO
84672100,ELETRO - ST INTERNA
84521000,ELETRO
84512990,ELETRO - ST INTERNA
84512100,ELETRO
84509010,MATERIAIS DE CONSTRUCAO
84501900,ELETRO
84501200,ELETRO
84501100,ELETRO
84439933,MATERIAIS DE CONSTRUCAO
84339090,AUTOPECAS - FIDELIDADE
84314100,AUTOPECAS
84311010,AUTOPECAS
84254910,AUTOPECAS
84254200,AUTOPECAS
84249090,ELETRO - ST INTERNA
84243090,ELETRO - ST INTERNA
84243010,ELETRO - ST INTERNA
84241000,AUTOPECAS - FIDELIDADE
84231000,ELETRO
84229010,ELETRO - ST INTERNA
84221100,ELETRO
84213990,AUTOPECAS - FIDELIDADE
84213920,AUTOPECAS
84213100,AUTOPECAS - FIDELIDADE
84212990,AUTOPECAS
84212300,AUTOPECAS
84212100,ELETRO
84211990,ELETRO - ST INTERNA
84198940,AUTOPECAS
84189900,AUTOPECAS - FIDELIDADE
84186931,ELETRO - ST INTERNA
84184000,ELETRO
84183000,ELETRO
84181000,ELETRO
84159090,AUTOPECAS
84159020,ELETRO
84159010,ELETRO
84149039,AUTOPECAS
84149020,ELETRO - ST INTERNA
84149010,AUTOPECAS
84146000,ELETRO
84145990,AUTOPECAS
84145910,AUTOPECAS
84141000,AUTOPECAS
84139190,AUTOPECAS
84138100,AUTOPECAS
84137010,AUTOPECAS
84136019,AUTOPECAS
84135090,AUTOPECAS
84133010,MATERIAIS DE CONSTRUCAO
84131900,AUTOPECAS
84123110,AUTOPECAS
83111000,MATERIAIS DE CONSTRUCAO
83059000,MATERIAIS DE CONSTRUCAO
83024900,MATERIAIS DE CONSTRUCAO
83024100,MATERIAIS DE CONSTRUCAO
83023000,AUTOPECAS
83021000,AUTOPECAS
83014000,MATERIAIS DE CONSTRUCAO
82142000,PERFUM HIGIENE E COSM
82141000,PERFUM HIGIENE E COSM
82122010,PERFUM HIGIENE E COSM - ST INTERNA
82121020,PERFUM HIGIENE E COSM - ST INTERNA
82119210,FERRAMENTAS
82119100,FERRAMENTAS
82055900,MATERIAIS DE CONSTRUCAO
82055100,MATERIAIS DE CONSTRUCAO
82032090,PERFUM HIGIENE E COSM
82032010,MATERIAIS DE CONSTRUCAO
82021000,MATERIAIS DE CONSTRUCAO
82014000,MATERIAIS DE CONSTRUCAO
80070090,AUTOPECAS - FIDELIDADE
76169900,MATERIAIS DE CONSTRUCAO
76152000,MATERIAIS DE CONSTRUCAO
76151000,MATERIAIS DE CONSTRUCAO
76090000,MATERIAIS DE CONSTRUCAO
76071990,MATERIAIS DE CONSTRUCAO
76071190,PRODUTOS DE PAPELARIA
76042920,MATERIAIS DE CONSTRUCAO
76042919,MATERIAIS DE CONSTRUCAO
76042100,MATERIAIS DE CONSTRUCAO
74182000,MATERIAIS DE CONSTRUCAO
74111010,MATERIAIS DE CONSTRUCAO
73239900,MATERIAIS DE CONSTRUCAO
73231000,MATERIAIS DE LIMPEZA - ST INTERNA
73229010,AUTOPECAS
73219000,ELETRO
73218100,ELETRO
73211100,ELETRO
73158200,MATERIAIS DE CONSTRUCAO
73151290,AUTOPECAS
73151210,AUTOPECAS
73151100,AUTOPECAS
73145000,AUTOPECAS
73143100,MATERIAIS DE CONSTRUCAO
73130000,MATERIAIS DE CONSTRUCAO
73110000,AUTOPECAS
73089090,MATERIAIS DE CONSTRUCAO
73089010,MATERIAIS DE CONSTRUCAO
73084000,MATERIAIS DE CONSTRUCAO
73083000,MATERIAIS DE CONSTRUCAO
72172090,MATERIAIS DE CONSTRUCAO
72172010,MATERIAIS DE CONSTRUCAO
72171090,MATERIAIS DE CONSTRUCAO
72162100,MATERIAIS DE CONSTRUCAO
72149100,MATERIAIS DE CONSTRUCAO
72142000,MATERIAIS DE CONSTRUCAO
72071110,MATERIAIS DE CONSTRUCAO
70140000,AUTOPECAS
70102000,PERFUM HIGIENE E COSM - ST INTERNA
70091000,AUTOPECAS
70072900,AUTOPECAS - FIDELIDADE
70072100,AUTOPECAS
70071900,MATERIAIS DE CONSTRUCAO
70071100,AUTOPECAS
70052900,MATERIAIS DE CONSTRUCAO
70052100,MATERIAIS DE CONSTRUCAO
69120000,MATERIAIS DE CONSTRUCAO
69072200,MATERIAIS DE CONSTRUCAO
69060000,MATERIAIS DE CONSTRUCAO
69039099,AUTOPECAS
69010000,MATERIAIS DE CONSTRUCAO
68129910,AUTOPECAS
68101900,MATERIAIS DE CONSTRUCAO
68053090,MATERIAIS DE CONSTRUCAO
68053010,MATERIAIS DE LIMPEZA
68051000,MATERIAIS DE CONSTRUCAO
65061000,AUTOPECAS
63109000,MATERIAIS DE CONSTRUCAO
63071000,MATERIAIS DE CONSTRUCAO
62101000,MATERIAIS DE CONSTRUCAO
61061000,MATERIAIS DE CONSTRUCAO
59119000,AUTOPECAS
59100000,AUTOPECAS
59090000,AUTOPECAS
59039000,AUTOPECAS
58110000,MATERIAIS DE CONSTRUCAO
57050000,MATERIAIS DE CONSTRUCAO
57033000,AUTOPECAS - FIDELIDADE
57032000,AUTOPECAS
56074900,MATERIAIS DE CONSTRUCAO
56049090,MATERIAIS DE CONSTRUCAO
56039290,PERFUM HIGIENE E COSM
56012219,AUTOPECAS
56012190,PERFUM HIGIENE E COSM - ST INTERNA
55111000,MATERIAIS DE CONSTRUCAO
54021910,MATERIAIS DE CONSTRUCAO
53091100,MATERIAIS DE CONSTRUCAO
53050090,MATERIAIS DE CONSTRUCAO
53039090,MATERIAIS DE CONSTRUCAO
53013000,MATERIAIS DE CONSTRUCAO
52105990,PRODUTOS DE PAPELARIA
52082100,MATERIAIS DE CONSTRUCAO
52051200,MATERIAIS DE CONSTRUCAO
52029900,MATERIAIS DE CONSTRUCAO
52029100,MATERIAIS DE CONSTRUCAO
52021000,MATERIAIS DE CONSTRUCAO
49090000,PRODUTOS DE PAPELARIA
48234000,AUTOPECAS
48209000,PRODUTOS DE PAPELARIA
48205000,PRODUTOS DE PAPELARIA
48204000,PRODUTOS DE PAPELARIA
48203000,PRODUTOS DE PAPELARIA
48202000,PRODUTOS DE PAPELARIA
48201000,PRODUTOS DE PAPELARIA
48189090,PERFUM HIGIENE E COSM
48183000,PERFUM HIGIENE E COSM
48182000,PERFUM HIGIENE E COSM
48181000,PERFUM HIGIENE E COSM
48169010,PRODUTOS DE PAPELARIA
48162000,PRODUTOS DE PAPELARIA
48119090,PRODUTOS DE PAPELARIA
48102290,PRODUTOS DE PAPELARIA
48101390,PRODUTOS DE PAPELARIA
48081000,PRODUTOS DE PAPELARIA
48062000,PRODUTOS DE PAPELARIA
48025799,PRODUTOS DE PAPELARIA
48025499,PRODUTOS DE PAPELARIA
48022090,PRODUTOS DE PAPELARIA
45049000,AUTOPECAS
44170090,FERRAMENTAS
44170010,FERRAMENTAS
40169990,AUTOPECAS
40169300,AUTOPECAS
40161010,AUTOPECAS
40151900,MEDIC E OUTROS PROD FARM - NEU
40151100,MEDIC E OUTROS PROD FARM - NEU
40149090,PERFUM HIGIENE E COSM - ST INTERNA
40149010,PERFUM HIGIENE E COSM
40141000,MEDIC E OUTROS PROD FARM - NEU
40132000,PNEU CAM DE AR E PROT BORR - ST INTERNA
40115000,PNEU CAM DE AR E PROT BORR - ST INTERNA
40114000,PNEU CAM DE AR E PROT BORR
40111000,PNEU CAM DE AR E PROT BORR
40081100,AUTOPECAS
39269090,MEDIC E OUTROS PROD FARM - NEU
39269040,PERFUM HIGIENE E COSM - ST INTERNA
39269010,MATERIAIS DE CONSTRUCAO
39263000,AUTOPECAS
39261000,PRODUTOS DE PAPELARIA
39259090,MATERIAIS DE CONSTRUCAO
39253000,MATERIAIS DE CONSTRUCAO
39252000,MATERIAIS DE CONSTRUCAO
39251000,MATERIAIS DE CONSTRUCAO
39249000,MATERIAIS DE CONSTRUCAO
39241000,PERFUM HIGIENE E COSM - ST INTERNA
39239000,MATERIAIS DE CONSTRUCAO
39233000,MATERIAIS DE CONSTRUCAO
39222000,MATERIAIS DE CONSTRUCAO
39211390,MATERIAIS DE CONSTRUCAO
39203000,MATERIAIS DE CONSTRUCAO
39202019,PRODUTOS DE PAPELARIA
39199000,AUTOPECAS - FIDELIDADE
39191000,AUTOPECAS - FIDELIDADE
39181000,AUTOPECAS
39162000,PRODUTOS DE PAPELARIA
39161000,PRODUTOS DE PAPELARIA
39095029,MATERIAIS DE CONSTRUCAO
38260000,COMBUSTIVEIS E LUBRIFICANTES
38245000,MATERIAIS DE CONSTRUCAO
38190000,MATERIAIS DE CONSTRUCAO
38160019,MATERIAIS DE CONSTRUCAO
38151290,AUTOPECAS
38151210,AUTOPECAS
38099190,MATERIAIS DE CONSTRUCAO
38089429,MATERIAIS DE CONSTRUCAO
38089419,MATERIAIS DE LIMPEZA
38086100,MATERIAIS DE CONSTRUCAO
37040000,PRODUTOS DE PAPELARIA
37039010,PRODUTOS DE PAPELARIA
37032000,PRODUTOS DE PAPELARIA
37031029,PRODUTOS DE PAPELARIA
37031010,PRODUTOS DE PAPELARIA
34059000,MATERIAIS DE CONSTRUCAO
34054000,MATERIAIS DE CONSTRUCAO
34053000,MATERIAIS DE CONSTRUCAO
34052000,MATERIAIS DE CONSTRUCAO
34051000,MATERIAIS DE CONSTRUCAO
34049029,MATERIAIS DE CONSTRUCAO
34029090,MATERIAIS DE CONSTRUCAO
34029039,MATERIAIS DE CONSTRUCAO
34029031,MATERIAIS DE CONSTRUCAO
34029019,MATERIAIS DE CONSTRUCAO
34022000,MATERIAIS DE CONSTRUCAO
34013000,MATERIAIS DE CONSTRUCAO
34012090,MATERIAIS DE CONSTRUCAO
34012010,PERFUM HIGIENE E COSM
34011900,MATERIAIS DE CONSTRUCAO
34011190,MATERIAIS DE CONSTRUCAO
33079000,PERFUM HIGIENE E COSM
33073000,PERFUM HIGIENE E COSM
33072090,PERFUM HIGIENE E COSM
33072010,PERFUM HIGIENE E COSM
33071000,PERFUM HIGIENE E COSM
33069000,PERFUM HIGIENE E COSM - ST INTERNA
33062000,PERFUM HIGIENE E COSM - ST INTERNA
33061000,PERFUM HIGIENE E COSM - ST INTERNA
33059000,PERFUM HIGIENE E COSM
33053000,PERFUM HIGIENE E COSM
33052000,PERFUM HIGIENE E COSM
33051000,PERFUM HIGIENE E COSM
33049990,PERFUM HIGIENE E COSM
33049910,PERFUM HIGIENE E COSM
33049100,PERFUM HIGIENE E COSM
33043000,MATERIAIS DE CONSTRUCAO
33042090,PERFUM HIGIENE E COSM
33042010,PERFUM HIGIENE E COSM
33041000,PERFUM HIGIENE E COSM
33030020,PERFUM HIGIENE E COSM
33030010,PERFUM HIGIENE E COSM
33019030,MATERIAIS DE CONSTRUCAO
33012916,MATERIAIS DE CONSTRUCAO
32149000,MATERIAIS DE CONSTRUCAO
32131000,PRODUTOS DE PAPELARIA
32089010,MATERIAIS DE CONSTRUCAO
32081010,MATERIAIS DE CONSTRUCAO
32064100,TINTAS E VERNIZES
32041913,MATERIAIS DE CONSTRUCAO
31042090,MATERIAIS DE CONSTRUCAO
30067000,PERFUM HIGIENE E COSM
30066000,MATERIAIS DE CONSTRUCAO
30051010,MEDIC E OUTROS PROD FARM - POS
30045090,MATERIAIS DE CONSTRUCAO
29221919,MATERIAIS DE CONSTRUCAO
29221500,MATERIAIS DE CONSTRUCAO
29051919,MATERIAIS DE CONSTRUCAO
29012300,MATERIAIS DE CONSTRUCAO
28499090,MATERIAIS DE CONSTRUCAO
28470000,PERFUM HIGIENE E COSM
28353910,MATERIAIS DE CONSTRUCAO
28289090,MATERIAIS DE CONSTRUCAO
28289020,MATERIAIS DE CONSTRUCAO
28289019,MATERIAIS DE CONSTRUCAO
28289011,MATERIAIS DE LIMPEZA
28142000,PERFUM HIGIENE E COSM
28043000,MATERIAIS DE CONSTRUCAO
28011000,MATERIAIS DE CONSTRUCAO
27129000,MATERIAIS DE CONSTRUCAO
27121000,PERFUM HIGIENE E COSM
27112990,COMBUSTIVEIS E LUBRIFICANTES
27112100,COMBUSTIVEIS E LUBRIFICANTES
27111910,COMBUSTIVEIS E LUBRIFICANTES
27111100,COMBUSTIVEIS E LUBRIFICANTES
27102000,MATERIAIS DE CONSTRUCAO
27101932,MATERIAIS DE CONSTRUCAO
27101922,COMBUSTIVEIS E LUBRIFICANTES
27101919,MATERIAIS DE CONSTRUCAO
27101911,COMBUSTIVEIS E LUBRIFICANTES
27101290,MATERIAIS DE CONSTRUCAO
27101259,MATERIAIS DE CONSTRUCAO
27101251,MATERIAIS DE CONSTRUCAO
27101249,MATERIAIS DE CONSTRUCAO
27101230,MATERIAIS DE CONSTRUCAO
27073000,MATERIAIS DE CONSTRUCAO
25232910,MATERIAIS DE CONSTRUCAO
25232100,MATERIAIS DE CONSTRUCAO
24022000,MATERIAIS DE CONSTRUCAO
22089000,BEBIDA ALC EXCT CERV E CHOP
22087000,BEBIDA ALC EXCT CERV E CHOP
22086000,BEBIDA ALC EXCT CERV E CHOP
22085000,BEBIDA ALC EXCT CERV E CHOP
22084000,BEBIDA ALC EXCT CERV E CHOP
22082000,BEBIDA ALC EXCT CERV E CHOP
22072020,MATERIAIS DE CONSTRUCAO
22072019,MATERIAIS DE CONSTRUCAO
22072011,MATERIAIS DE CONSTRUCAO
22072010,MATERIAIS DE LIMPEZA
22071090,MATERIAIS DE CONSTRUCAO
22071010,MATERIAIS DE CONSTRUCAO
22071000,MATERIAIS DE LIMPEZA
22060090,BEBIDA ALC EXCT CERV E CHOP
22060010,BEBIDA ALC EXCT CERV E CHOP
22030000,CERV CHOP REFRI AGUA E OUTRAS
22029900,PRODUTOS ALIMENTICIOS
22029100,CERV CHOP REFRI AGUA E OUTRAS
22021000,PRODUTOS ALIMENTICIOS
22019000,MATERIAIS DE CONSTRUCAO
22011000,CERV CHOP REFRI AGUA E OUTRAS
21069090,PRODUTOS ALIMENTICIOS
21069030,MATERIAIS DE CONSTRUCAO
21069029,MATERIAIS DE CONSTRUCAO
21069010,CERV CHOP REFRI AGUA E OUTRAS
21041019,MATERIAIS DE CONSTRUCAO
21039091,PRODUTOS ALIMENTICIOS
21039021,MATERIAIS DE CONSTRUCAO
21039019,MATERIAIS DE CONSTRUCAO
21039011,PRODUTOS ALIMENTICIOS
21033021,PRODUTOS ALIMENTICIOS
21033010,PRODUTOS ALIMENTICIOS
21032010,PRODUTOS ALIMENTICIOS
21031010,PRODUTOS ALIMENTICIOS
21011200,PRODUTOS ALIMENTICIOS
21011190,PRODUTOS ALIMENTICIOS
20081900,PRODUTOS ALIMENTICIOS
20060000,PRODUTOS ALIMENTICIOS
20052000,PRODUTOS ALIMENTICIOS
19059090,MATERIAIS DE CONSTRUCAO
19059020,PRODUTOS ALIMENTICIOS
19059010,MATERIAIS DE CONSTRUCAO
19054000,PRODUTOS ALIMENTICIOS
19053200,PRODUTOS ALIMENTICIOS
19053100,PRODUTOS ALIMENTICIOS
19052090,PRODUTOS ALIMENTICIOS
19052010,PRODUTOS ALIMENTICIOS
19051000,PRODUTOS ALIMENTICIOS
19049000,PRODUTOS ALIMENTICIOS
19042000,PRODUTOS ALIMENTICIOS
19041000,PRODUTOS ALIMENTICIOS
19024000,PRODUTOS ALIMENTICIOS
19023000,PRODUTOS ALIMENTICIOS
19022000,MATERIAIS DE CONSTRUCAO
19021900,MATERIAIS DE CONSTRUCAO
19019090,PRODUTOS ALIMENTICIOS
19019020,PRODUTOS ALIMENTICIOS
19012000,PRODUTOS ALIMENTICIOS
19011090,PRODUTOS ALIMENTICIOS
19011030,PRODUTOS ALIMENTICIOS
19011020,PRODUTOS ALIMENTICIOS
19011010,PRODUTOS ALIMENTICIOS
18069000,PRODUTOS ALIMENTICIOS
18063220,PRODUTOS ALIMENTICIOS
18063210,PRODUTOS ALIMENTICIOS
18063120,PRODUTOS ALIMENTICIOS
18063110,PRODUTOS ALIMENTICIOS
18061000,PRODUTOS ALIMENTICIOS
17049090,PRODUTOS ALIMENTICIOS
17049010,PRODUTOS ALIMENTICIOS
17019900,PRODUTOS ALIMENTICIOS
17019100,PRODUTOS ALIMENTICIOS
16042010,PRODUTOS ALIMENTICIOS
16025000,PRODUTOS ALIMENTICIOS
16024900,PRODUTOS ALIMENTICIOS
16024100,PRODUTOS ALIMENTICIOS
16023220,PRODUTOS ALIMENTICIOS
16023210,PRODUTOS ALIMENTICIOS
16023100,PRODUTOS ALIMENTICIOS
16010000,PRODUTOS ALIMENTICIOS
15179010,PRODUTOS ALIMENTICIOS
15171000,PRODUTOS ALIMENTICIOS
15162000,PRODUTOS ALIMENTICIOS
15152910,PRODUTOS ALIMENTICIOS
15151900,PRODUTOS ALIMENTICIOS
15151100,MATERIAIS DE CONSTRUCAO
15131900,MATERIAIS DE CONSTRUCAO
15122990,PRODUTOS ALIMENTICIOS
15122910,PRODUTOS ALIMENTICIOS
15121911,PRODUTOS ALIMENTICIOS
15100000,PRODUTOS ALIMENTICIOS
15079011,PRODUTOS ALIMENTICIOS
15029000,PRODUTOS ALIMENTICIOS
15021019,PRODUTOS ALIMENTICIOS
13021190,MATERIAIS DE CONSTRUCAO
12119090,VENDA MERC SIST MARKET DIRETO
11041900,MATERIAIS DE CONSTRUCAO
11010020,MATERIAIS DE CONSTRUCAO
11010010,PRODUTOS ALIMENTICIOS
10089090,MATERIAIS DE CONSTRUCAO
10019900,MATERIAIS DE CONSTRUCAO
9032899,AUTOPECAS
9032898,AUTOPECAS
9032892,AUTOPECAS
9018321,MEDIC E OUTROS PROD FARM - NEU
8525802,ELETRO
8525801,ELETRO - ST INTERNA
8525501,AUTOPECAS
8517629,ELETRO - ST INTERNA
8517625,ELETRO - ST INTERNA
8517624,ELETRO - ST INTERNA
8517621,ELETRO - ST INTERNA
8517123,ELETRO - ST INTERNA
8471605,ELETRO - ST INTERNA
8431492,AUTOPECAS
8418699,ELETRO - ST INTERNA
8414903,AUTOPECAS
8414802,AUTOPECAS
8414801,AUTOPECAS
4823909,AUTOPECAS - FIDELIDADE
4802589,PRODUTOS DE PAPELARIA
4802579,PRODUTOS DE PAPELARIA
4802569,PRODUTOS DE PAPELARIA
4802549,PRODUTOS DE PAPELARIA
4061090,PRODUTOS ALIMENTICIOS
4061010,PRODUTOS ALIMENTICIOS
4059090,PRODUTOS ALIMENTICIOS
4051000,PRODUTOS ALIMENTICIOS
4039000,PRODUTOS ALIMENTICIOS
4029900,MATERIAIS DE CONSTRUCAO
4022930,PRODUTOS ALIMENTICIOS
4022920,PRODUTOS ALIMENTICIOS
4022130,PRODUTOS ALIMENTICIOS
4015010,PRODUTOS ALIMENTICIOS
4014010,PRODUTOS ALIMENTICIOS
4012090,PRODUTOS ALIMENTICIOS
4012010,PRODUTOS ALIMENTICIOS
4011090,PRODUTOS ALIMENTICIOS
4011010,PRODUTOS ALIMENTICIOS
3816001,MATERIAIS DE CONSTRUCAO
3055900,MATERIAIS DE CONSTRUCAO
2710199,COMBUSTIVEIS E LUBRIFICANTES
2710193,COMBUSTIVEIS E LUBRIFICANTES
2710192,COMBUSTIVEIS E LUBRIFICANTES
2109900,PRODUTOS ALIMENTICIOS
2102000,PRODUTOS ALIMENTICIOS
1019000,MATERIAIS DE CONSTRUCAO
1012100,MATERIAIS DE CONSTRUCAO
910700,ELETRO - ST INTERNA
903290,AUTOPECAS
903220,AUTOPECAS
903210,AUTOPECAS
903089,ELETRO - ST INTERNA
902690,AUTOPECAS
902620,AUTOPECAS
902610,AUTOPECAS
902519,FERRAMENTAS
901831,MEDIC E OUTROS PROD FARM - NEU
901780,FERRAMENTAS
901730,FERRAMENTAS
900659,ELETRO - ST INTERNA
853910,AUTOPECAS - FIDELIDADE
853650,AUTOPECAS
853530,AUTOPECAS
853400,AUTOPECAS
853110,ELETRO - ST INTERNA
852190,ELETRO
851981,AUTOPECAS
851712,ELETRO - ST INTERNA
851679,ELETRO
851240,AUTOPECAS
851230,AUTOPECAS
851220,AUTOPECAS
850730,AUTOPECAS
850720,AUTOPECAS
850710,AUTOPECAS
850520,AUTOPECAS
850431,AUTOPECAS
847330,ELETRO - ST INTERNA
847190,ELETRO
847170,ELETRO
847150,ELETRO
847130,ELETRO
845190,ELETRO - ST INTERNA
845090,ELETRO - ST INTERNA
845020,ELETRO - ST INTERNA
844332,ELETRO
844331,ELETRO
842549,AUTOPECAS
842430,ELETRO - ST INTERNA
842112,ELETRO
841950,AUTOPECAS
841850,ELETRO - ST INTERNA
841520,AUTOPECAS
841510,ELETRO
841480,AUTOPECAS
841330,AUTOPECAS
840820,AUTOPECAS
831000,AUTOPECAS
830170,AUTOPECAS
830160,AUTOPECAS - FIDELIDADE
830120,AUTOPECAS
821490,ELETRO - ST INTERNA
780600,AUTOPECAS
731700,MATERIAIS DE CONSTRUCAO
731512,AUTOPECAS
730890,MATERIAIS DE CONSTRUCAO
700992,AUTOPECAS - FIDELIDADE
700991,AUTOPECAS - FIDELIDADE
480256,PRODUTOS DE PAPELARIA
480220,PRODUTOS DE PAPELARIA
401402,PRODUTOS ALIMENTICIOS
401290,PNEU CAM DE AR E PROT BORR - ST INTERNA
401190,PNEU CAM DE AR E PROT BORR
392690,AUTOPECAS
392590,MATERIAIS DE CONSTRUCAO
391990,AUTOPECAS
391910,AUTOPECAS
391690,PRODUTOS DE PAPELARIA
300630,MEDIC E OUTROS PROD FARM - NEG
220830,BEBIDA ALC EXCT CERV E CHOP
210690,CERV CHOP REFRI AGUA E OUTRAS
210120,PRODUTOS ALIMENTICIOS
190590,PRODUTOS ALIMENTICIOS
190520,PRODUTOS ALIMENTICIOS
170191,PRODUTOS ALIMENTICIOS
151790,PRODUTOS ALIMENTICIOS
96032,PERFUM HIGIENE E COSM
90303,ELETRO - ST INTERNA
90300,PRODUTOS ALIMENTICIOS
87141,AUTOPECAS
85392,AUTOPECAS
85364,AUTOPECAS
85279,ELETRO
85271,AUTOPECAS
85232,ELETRO - ST INTERNA
85162,ELETRO - ST INTERNA
85043,ELETRO - ST INTERNA
84812,AUTOPECAS
84714,ELETRO
84439,ELETRO - ST INTERNA
84219,AUTOPECAS
84182,ELETRO
84158,ELETRO
84145,ELETRO
84122,AUTOPECAS - FIDELIDADE
84099,AUTOPECAS - FIDELIDADE
84073,AUTOPECAS
69074,MATERIAIS DE CONSTRUCAO
69073,MATERIAIS DE CONSTRUCAO
69072,MATERIAIS DE CONSTRUCAO
63061,AUTOPECAS - FIDELIDADE
42029,PRODUTOS DE PAPELARIA
42021,PRODUTOS DE PAPELARIA
40210,PRODUTOS ALIMENTICIOS
40150,PRODUTOS ALIMENTICIOS
40121,PNEU CAM DE AR E PROT BORR - ST INTERNA
40120,PRODUTOS ALIMENTICIOS
40110,PRODUTOS ALIMENTICIOS
40103,AUTOPECAS - FIDELIDADE
39232,MATERIAIS DE LIMPEZA
27109,COMBUSTIVEIS E LUBRIFICANTES
24031,CIGARRO E OUTROS DERIV FUMO
21011,PRODUTOS ALIMENTICIOS
20098,PRODUTOS ALIMENTICIOS
20081,PRODUTOS ALIMENTICIOS
20059,PRODUTOS ALIMENTICIOS
19021,PRODUTOS ALIMENTICIOS
17011,PRODUTOS ALIMENTICIOS
15141,PRODUTOS ALIMENTICIOS
9615,PERFUM HIGIENE E COSM
9608,PRODUTOS DE PAPELARIA
9504,ELETRO - ST INTERNA
9405,ELETRO - ST INTERNA
9029,AUTOPECAS
9026,AUTOPECAS
9015,FERRAMENTAS
9006,ELETRO - ST INTERNA
8714,AUTOPECAS
8711,VEIC MOTOR DUAS OU TRES RODAS
8708,AUTOPECAS
8707,AUTOPECAS
8544,AUTOPECAS
8543,ELETRO - ST INTERNA
8541,AUTOPECAS
8540,LAMPADA REATOR E STARTER
8539,LAMPADA REATOR E STARTER
8538,AUTOPECAS
8534,AUTOPECAS
8531,ELETRO - ST INTERNA
8529,ELETRO - ST INTERNA
8528,ELETRO
8527,ELETRO
8525,ELETRO
8522,ELETRO - ST INTERNA
8519,ELETRO - ST INTERNA
8518,AUTOPECAS
8517,ELETRO - ST INTERNA
8511,AUTOPECAS
8510,ELETRO
8509,ELETRO
8508,ELETRO - ST INTERNA
8505,AUTOPECAS
8504,ELETRO - ST INTERNA
8484,AUTOPECAS
8483,AUTOPECAS
8482,AUTOPECAS - FIDELIDADE
8481,AUTOPECAS - FIDELIDADE
8467,FERRAMENTAS - ST INTERNA
8443,ELETRO
8424,ELETRO
8423,ELETRO
8422,ELETRO
8420,ELETRO
8413,AUTOPECAS - FIDELIDADE
8412,AUTOPECAS
8409,AUTOPECAS
8408,AUTOPECAS
8407,AUTOPECAS
8311,MATERIAIS DE CONSTRUCAO
8307,MATERIAIS DE CONSTRUCAO
8301,MATERIAIS DE CONSTRUCAO
8213,FERRAMENTAS
8211,FERRAMENTAS
8209,FERRAMENTAS
8208,FERRAMENTAS
8207,FERRAMENTAS
8206,FERRAMENTAS
8205,FERRAMENTAS
8204,FERRAMENTAS
8203,FERRAMENTAS
8202,FERRAMENTAS
8201,FERRAMENTAS
7616,AUTOPECAS
7610,MATERIAIS DE CONSTRUCAO
7609,AUTOPECAS
7608,MATERIAIS DE CONSTRUCAO
7415,AUTOPECAS - FIDELIDADE
7412,MATERIAIS DE CONSTRUCAO
7407,MATERIAIS DE CONSTRUCAO
7326,MATERIAIS DE CONSTRUCAO
7325,AUTOPECAS - FIDELIDADE
7324,MATERIAIS DE CONSTRUCAO
7323,MATERIAIS DE CONSTRUCAO
7321,ELETRO
7320,AUTOPECAS
7318,AUTOPECAS
7315,AUTOPECAS - FIDELIDADE
7314,MATERIAIS DE CONSTRUCAO
7312,MATERIAIS DE CONSTRUCAO
7310,MATERIAIS DE CONSTRUCAO
7307,MATERIAIS DE CONSTRUCAO
7213,MATERIAIS DE CONSTRUCAO
7016,MATERIAIS DE CONSTRUCAO
7009,AUTOPECAS
7008,MATERIAIS DE CONSTRUCAO
7005,MATERIAIS DE CONSTRUCAO
7004,MATERIAIS DE CONSTRUCAO
7003,MATERIAIS DE CONSTRUCAO
6910,MATERIAIS DE CONSTRUCAO
6905,MATERIAIS DE CONSTRUCAO
6904,MATERIAIS DE CONSTRUCAO
6902,MATERIAIS DE CONSTRUCAO
6813,AUTOPECAS
6811,MATERIAIS DE CONSTRUCAO
6804,FERRAMENTAS
6406,CALCADOS E SUAS PARTES
6405,CALCADOS E SUAS PARTES
6404,CALCADOS E SUAS PARTES
6403,CALCADOS E SUAS PARTES
6402,CALCADOS E SUAS PARTES
6401,CALCADOS E SUAS PARTES
4817,PRODUTOS DE PAPELARIA
4816,PRODUTOS DE PAPELARIA
4814,MATERIAIS DE CONSTRUCAO
4809,PRODUTOS DE PAPELARIA
4504,AUTOPECAS
4029,PRODUTOS ALIMENTICIOS
4022,PRODUTOS ALIMENTICIOS
4021,PRODUTOS ALIMENTICIOS
4013,PNEU CAM DE AR E PROT BORR
4011,PNEU CAM DE AR E PROT BORR
4009,AUTOPECAS
4008,AUTOPECAS
3924,MATERIAIS DE CONSTRUCAO
3922,MATERIAIS DE CONSTRUCAO
3921,MATERIAIS DE CONSTRUCAO
3920,MATERIAIS DE CONSTRUCAO
3919,MATERIAIS DE CONSTRUCAO
3918,MATERIAIS DE CONSTRUCAO
3917,AUTOPECAS
3916,MATERIAIS DE CONSTRUCAO
3910,MATERIAIS DE CONSTRUCAO
3403,COMBUSTIVEIS E LUBRIFICANTES
3402,MATERIAIS DE LIMPEZA
3301,PERFUM HIGIENE E COSM
3212,TINTAS E VERNIZES
3210,TINTAS E VERNIZES
3209,TINTAS E VERNIZES
3208,TINTAS E VERNIZES
3206,TINTAS E VERNIZES
3205,TINTAS E VERNIZES
3204,TINTAS E VERNIZES
3005,MEDIC E OUTROS PROD FARM - NEU
3004,MEDIC E OUTROS PROD FARM - POS
3003,MEDIC E OUTROS PROD FARM - NEG
3002,MEDIC E OUTROS PROD FARM - POS
2936,MEDIC E OUTROS PROD FARM - NEU
2821,TINTAS E VERNIZES
2713,COMBUSTIVEIS E LUBRIFICANTES
2711,COMBUSTIVEIS E LUBRIFICANTES
2523,CIMENTO
2522,MATERIAIS DE CONSTRUCAO
2402,CIGARRO E OUTROS DERIV FUMO
2309,RACAO PET PARA ANIMAIS DOMESTIC
2208,BEBIDA ALC EXCT CERV E CHOP
2207,BEBIDA ALC EXCT CERV E CHOP
2206,BEBIDA ALC EXCT CERV E CHOP
2205,BEBIDA ALC EXCT CERV E CHOP
2204,BEBIDA ALC EXCT CERV E CHOP
2202,CERV CHOP REFRI AGUA E OUTRAS
2106,SORVETES E PREP PARA FAB EM MAQ
2105,SORVETES E PREP PARA FAB EM MAQ
2101,PRODUTOS ALIMENTICIOS
2072,PRODUTOS ALIMENTICIOS
2071,PRODUTOS ALIMENTICIOS
2009,PRODUTOS ALIMENTICIOS
2008,PRODUTOS ALIMENTICIOS
2007,PRODUTOS ALIMENTICIOS
2005,PRODUTOS ALIMENTICIOS
2004,PRODUTOS ALIMENTICIOS
2002,PRODUTOS ALIMENTICIOS
2001,PRODUTOS ALIMENTICIOS
1902,PRODUTOS ALIMENTICIOS
1901,SORVETES E PREP PARA FAB EM MAQ
1806,SORVETES E PREP PARA FAB EM MAQ
1702,PRODUTOS ALIMENTICIOS
1605,PRODUTOS ALIMENTICIOS
1604,PRODUTOS ALIMENTICIOS
1602,PRODUTOS ALIMENTICIOS
1518,PRODUTOS ALIMENTICIOS
1516,PRODUTOS ALIMENTICIOS
1515,PRODUTOS ALIMENTICIOS
1514,PRODUTOS ALIMENTICIOS
1513,PRODUTOS ALIMENTICIOS
1511,PRODUTOS ALIMENTICIOS
1509,PRODUTOS ALIMENTICIOS
1508,PRODUTOS ALIMENTICIOS
1502,PRODUTOS ALIMENTICIOS
1501,PRODUTOS ALIMENTICIOS
902,PRODUTOS ALIMENTICIOS
901,PRODUTOS ALIMENTICIOS
811,PRODUTOS ALIMENTICIOS
710,PRODUTOS ALIMENTICIOS
406,PRODUTOS ALIMENTICIOS
403,PRODUTOS ALIMENTICIOS
209,PRODUTOS ALIMENTICIOS
207,PRODUTOS ALIMENTICIOS
206,PRODUTOS ALIMENTICIOS
204,PRODUTOS ALIMENTICIOS
203,PRODUTOS ALIMENTICIOS
202,PRODUTOS ALIMENTICIOS
201,PRODUTOS ALIMENTICIOS
96,VENDA MERC SIST MARKET DIRETO
95,VENDA MERC SIST MARKET DIRETO
94,VENDA MERC SIST MARKET DIRETO
91,VENDA MERC SIST MARKET DIRETO
90,VENDA MERC SIST MARKET DIRETO
85,VENDA MERC SIST MARKET DIRETO
84,VENDA MERC SIST MARKET DIRETO
83,VENDA MERC SIST MARKET DIRETO
82,VENDA MERC SIST MARKET DIRETO
76,VENDA MERC SIST MARKET DIRETO
73,VENDA MERC SIST MARKET DIRETO
71,VENDA MERC SIST MARKET DIRETO
70,VENDA MERC SIST MARKET DIRETO
69,VENDA MERC SIST MARKET DIRETO
68,VENDA MERC SIST MARKET DIRETO
67,VENDA MERC SIST MARKET DIRETO
66,VENDA MERC SIST MARKET DIRETO
65,VENDA MERC SIST MARKET DIRETO
64,VENDA MERC SIST MARKET DIRETO
63,VENDA MERC SIST MARKET DIRETO
62,VENDA MERC SIST MARKET DIRETO
61,VENDA MERC SIST MARKET DIRETO
58,VENDA MERC SIST MARKET DIRETO
56,VENDA MERC SIST MARKET DIRETO
55,VENDA MERC SIST MARKET DIRETO
52,VENDA MERC SIST MARKET DIRETO
49,VENDA MERC SIST MARKET DIRETO
48,VENDA MERC SIST MARKET DIRETO
44,VENDA MERC SIST MARKET DIRETO
42,VENDA MERC SIST MARKET DIRETO
40,VENDA MERC SIST MARKET DIRETO
39,VENDA MERC SIST MARKET DIRETO
38,VENDA MERC SIST MARKET DIRETO
35,VENDA MERC SIST MARKET DIRETO
34,VENDA MERC SIST MARKET DIRETO
33,VENDA MERC SIST MARKET DIRETO
29,VENDA MERC SIST MARKET DIRETO
28,VENDA MERC SIST MARKET DIRETO
27,VENDA MERC SIST MARKET DIRETO
23,VENDA MERC SIST MARKET DIRETO
22,VENDA MERC SIST MARKET DIRETO
21,VENDA MERC SIST MARKET DIRETO
20,VENDA MERC SIST MARKET DIRETO
19,VENDA MERC SIST MARKET DIRETO
18,VENDA MERC SIST MARKET DIRETO
17,VENDA MERC SIST MARKET DIRETO
16,VENDA MERC SIST MARKET DIRETO
15,VENDA MERC SIST MARKET DIRETO
14,VENDA MERC SIST MARKET DIRETO
13,VENDA MERC SIST MARKET DIRETO
